streetLabel	personLabel	genderLabel	coordinate	postalCode
Arndtstraße	Ernst Moritz Arndt	männlich	Point(13.773429 51.068022)	01099
Louis-Braille-Straße	Louis Braille	männlich	Point(13.773708 51.068286)	01099
Marienallee	Maria Anna von Portugal	weiblich	Point(13.766196 51.073957)	01099
Arno-Holz-Allee	Arno Holz	männlich	Point(13.766793 51.071709)	01099
Nieritzstraße	Karl Gustav Nieritz	männlich	Point(13.741466 51.062148)	01097
Theresienstraße	Maria Theresia von Österreich	weiblich	Point(13.742361 51.062808)	01097
Heinrichstraße	Heinrich der Fromme	männlich	Point(13.740617 51.059864)	01097
Carolinenstraße	Karoline Ferdinande von Österreich	weiblich	Point(13.744284 51.063634)	01097
Hartigstraße	Karl Ernst Hartig	männlich	Point(13.72861 51.072401)	01127
Gehestraße	Franz Ludwig Gehe	männlich	Point(13.730346 51.073585)	01127
Hedwigstraße	Hedwig von Dänemark	weiblich	Point(13.735355 51.063756)	01097
Händelallee	Georg Friedrich Händel	männlich	Point(13.787394 51.056762)	01309
Gerokstraße	Karl von Gerok	männlich	Point(13.763821 51.053141)	01307
Hans-Grundig-Straße	Hans Grundig	männlich	Point(13.761469 51.051538)	01307
Heinrich-Schütz-Straße	Heinrich Schütz	männlich	Point(13.81149 51.04606)	01277
Sebastian-Bach-Straße	Johann Sebastian Bach	männlich	Point(13.792166 51.056359)	01277
Reinhold-Becker-Straße	Reinhold Becker	männlich	Point(13.807708 51.048492)	01277
Oehmestraße	Ernst Erwin Oehme	männlich	Point(13.807708 51.048492)	01277
Liststraße	Friedrich List	männlich	Point(13.731806 51.076359)	01127
Harkortstraße	Gustav Harkort	männlich	Point(13.731457 51.077237)	01127
Gustav-Freytag-Straße	Gustav Freytag	männlich	Point(13.810094 51.043943)	01277
Traubestraße	Joseph Traube	männlich	Point(13.807536 51.039836)	01277
Scariastraße	Emil Scaria	männlich	Point(13.808898 51.043659)	01277
Schaufußstraße	Ludwig Wilhelm Schaufuß	männlich	Point(13.812156 51.039653)	01277
Simrockstraße	Karl Simrock	männlich	Point(13.812675 51.044181)	01277
Spohrstraße	Louis Spohr	männlich	Point(13.813775 51.046138)	01277
Ludwig-Hartmann-Straße	Ludwig Hartmann	männlich	Point(13.812282 51.04125)	01277
Polenzstraße	Maximilian von Polenz	männlich	Point(13.808694 51.04093)	01277
Fuchsstraße	Albert Fuchs	männlich	Point(13.809609 51.050743)	01277
Draesekestraße	Felix Draeseke	männlich	Point(13.810111 51.046165)	01277
Ferdinand-Avenarius-Straße	Ferdinand Avenarius	männlich	Point(13.812052 51.047879)	01277
Gautschweg	Karl Gautsch	männlich	Point(13.805572 51.054065)	01309
Hans-Böhm-Straße	Jean Louis Nicodé	männlich	Point(13.803703 51.054888)	01309
Hans-Böhm-Straße	Hans Böhm	männlich	Point(13.803703 51.054888)	01309
Schubertstraße	Franz Schubert	männlich	Point(13.785731 51.057103)	01307
Senefelderstraße	Alois Senefelder	männlich	Point(13.786571 51.053325)	01307
Senefelderstraße	Alois Senefelder	männlich	Point(13.786571 51.053325)	01309
Bräterstraße	Edmund Bräter	männlich	Point(13.78508 51.0394)	01309
Bertolt-Brecht-Platz	Bertolt Brecht	männlich	Point(13.77961 51.037993)	01309
Elfriede-Lohse-Wächtler-Straße	Elfriede Lohse-Wächtler	weiblich	Point(13.783373 51.040901)	01309
Etha-Richter-Straße	Etha Richter	weiblich	Point(13.784489 51.040924)	01309
Comeniusplatz	Johann Amos Comenius	männlich	Point(13.767174 51.042265)	01307
Maria-Cebotari-Straße	Maria Cebotari	weiblich	Point(13.771441 51.051481)	01307
Silbermannstraße	Gottfried Silbermann	männlich	Point(13.764918 51.05088)	01307
Marschnerstraße	Heinrich Marschner	männlich	Point(13.759137 51.050517)	01307
Permoserstraße	Balthasar Permoser	männlich	Point(13.76369 51.05167)	01307
Zöllnerstraße	Carl Friedrich Zöllner	männlich	Point(13.768198 51.051857)	01307
Thomaestraße	Johann Benjamin Thomae	männlich	Point(13.769177 51.050007)	01307
Lortzingstraße	Albert Lortzing	männlich	Point(13.772811 51.051122)	01307
Huttenstraße	Ulrich von Hutten	männlich	Point(13.77957 51.050911)	01309
Hassestraße	Johann Adolf Hasse	männlich	Point(13.778914 51.051779)	01309
Gluckstraße	Christoph Willibald Gluck	männlich	Point(13.777868 51.051735)	01309
Kreutzerstraße	Conradin Kreutzer	männlich	Point(13.774525 51.05152)	01307
Pöppelmannstraße	Matthäus Daniel Pöppelmann	männlich	Point(13.765266 51.049494)	01307
Cranachstraße	Lucas Cranach der Ältere	männlich	Point(13.767371 51.049242)	01307
Reißigerstraße	Carl Gottlieb Reißiger	männlich	Point(13.768718 51.045839)	01307
Canalettostraße	Bernardo Bellotto	männlich	Point(13.761833 51.046686)	01307
Georg-Nerlich-Straße	Georg Nerlich	männlich	Point(13.760248 51.047804)	01307
Stephanienstraße	Stéphanie de Beauharnais	weiblich	Point(13.765397 51.047887)	01307
Stephanienplatz	Stéphanie de Beauharnais	weiblich	Point(13.765107 51.047178)	01307
Dinglingerstraße	Johann Melchior Dinglinger	männlich	Point(13.761182 51.048128)	01307
Fetscherplatz	Rainer Fetscher	männlich	Point(13.771662 51.046436)	01307
Rethelstraße	Alfred Rethel	männlich	Point(13.699168 51.072441)	01139
Klingerstraße	Max Klinger	männlich	Point(13.693793 51.071526)	01139
Thäterstraße	Julius Thaeter	männlich	Point(13.697405 51.07128)	01139
Mengsstraße	Anton Raphael Mengs	männlich	Point(13.695193 51.071609)	01139
Carrierastraße	Rosalba Carriera	weiblich	Point(13.696537 51.07048)	01139
Werftstraße	Johann Friedrich Eosander von Göthe	männlich	Point(13.694207 51.069431)	01139
Rauchstraße	Christian Daniel Rauch	männlich	Point(13.698186 51.073568)	01139
Overbeckstraße	Friedrich Overbeck	männlich	Point(13.693008 51.073951)	01139
Schwindstraße	Moritz von Schwind	männlich	Point(13.695308 51.07199)	01139
Böcklinstraße	Arnold Böcklin	männlich	Point(13.704568 51.076099)	01139
Marie-Curie-Straße	Marie Curie	weiblich	Point(13.685482 51.073686)	01139
Pisendelstraße	Johann Georg Pisendel	männlich	Point(13.701613 51.079757)	01139
Hauptmannstraße	Moritz Hauptmann	männlich	Point(13.705532 51.080723)	01139
Homiliusstraße	Gottfried August Homilius	männlich	Point(13.70586 51.080338)	01139
Zelenkastraße	Jan Dismas Zelenka	männlich	Point(13.704036 51.079452)	01139
Franz-Lehmann-Straße	Franz Lehmann	männlich	Point(13.712104 51.080344)	01139
Dreyßigplatz	Anton Dreyssig	männlich	Point(13.713105 51.080928)	01139
Gaußstraße	Carl Friedrich Gauß	männlich	Point(13.711208 51.087368)	01139
Tichatscheckstraße	Joseph Tichatschek	männlich	Point(13.713413 51.083262)	01139
Guts-Muths-Straße	Johann Christoph Friedrich GutsMuths	männlich	Point(13.713982 51.085247)	01139
Krantzstraße	Eugen Krantz	männlich	Point(13.714846 51.084876)	01139
Rietzstraße	Julius Rietz	männlich	Point(13.708751 51.08278)	01139
Wüllnerstraße	Franz Wüllner	männlich	Point(13.712023 51.082292)	01127
Wüllnerstraße	Franz Wüllner	männlich	Point(13.712023 51.082292)	01139
Bunsenstraße	Robert Wilhelm Bunsen	männlich	Point(13.707004 51.083311)	01139
Wöhlerstraße	Friedrich Wöhler	männlich	Point(13.707664 51.083555)	01139
Roßmäßlerstraße	Emil Adolf Roßmäßler	männlich	Point(13.708865 51.08371)	01139
Pettenkoferstraße	Max von Pettenkofer	männlich	Point(13.706878 51.085041)	01139
Peschelstraße	Oscar Peschel	männlich	Point(13.697869 51.087551)	01139
Wächterstraße	Karl Georg von Wächter	männlich	Point(13.69975 51.08519)	01139
Baudissinstraße	Wolf Heinrich von Baudissin	männlich	Point(13.701029 51.087786)	01139
Leuckartstraße	Rudolph Leuckhart	männlich	Point(13.700273 51.086499)	01139
Rankestraße	Leopold von Ranke	männlich	Point(13.697476 51.088385)	01139
Fechnerstraße	Gustav Theodor Fechner	männlich	Point(13.702063 51.0851)	01139
Schenkendorfstraße	Max von Schenkendorf	männlich	Point(13.701294 51.08601)	01139
Quandtstraße	Johann Gottlob von Quandt	männlich	Point(13.701148 51.090386)	01139
Roscherstraße	Wilhelm Roscher	männlich	Point(13.701574 51.089131)	01139
Kolbestraße	Hermann Kolbe	männlich	Point(13.701935 51.089651)	01139
Dungerstraße	Hermann Dunger	männlich	Point(13.695839 51.091058)	01139
Geibelstraße	Emanuel Geibel	männlich	Point(13.696945 51.089511)	01139
Hans-Fromm-Straße	Hans Fromm	männlich	Point(13.720573 51.076802)	01127
Hedwig-Langner-Weg	Hedwig Langner	weiblich	Point(13.724718 51.07472)	01127
Rosa-Steinhart-Straße	Rosa Steinhart	weiblich	Point(13.7256 51.075026)	01127
Pestalozziplatz	Johann Heinrich Pestalozzi	männlich	Point(13.733081 51.078859)	01127
Alexander-Puschkin-Platz	Alexander Sergejewitsch Puschkin	männlich	Point(13.729355 51.070474)	01127
Eschebachstraße	Carl Eschebach	männlich	Point(13.732781 51.082159)	01127
Barbarastraße	Barbara von Nikomedien	weiblich	Point(13.724391 51.084606)	01129
Hubertusstraße	Hubertus von Lüttich	männlich	Point(13.72397 51.090322)	01129
Hubertusplatz	Hubertus von Lüttich	männlich	Point(13.723634 51.089765)	01129
Bernard-Shaw-Straße	George Bernard Shaw	männlich	Point(13.855709 50.999214)	01259
Bernd-Aldenhoff-Straße	Bernd Aldenhoff	männlich	Point(13.796594 50.986629)	01257
Bernhard-Kretzschmar-Straße	Bernhard Kretzschmar	männlich	Point(13.783288 51.019805)	01219
Bernhard-Wensch-Straße	Bernhard Wensch	männlich	Point(13.696244 51.028821)	01187
Bertha-Dißmann-Straße	Bertha Dißmann	weiblich	Point(13.832495 51.123681)	01465
Berthold-Haupt-Straße	Berthold Haupt	männlich	Point(13.84678 51.00781)	01257
Berthold-Haupt-Straße	Berthold Haupt	männlich	Point(13.84678 51.00781)	01259
Bettinastraße	Bettina von Arnim	weiblich	Point(13.782703 51.068474)	01099
Biedermannstraße	Woldemar von Biedermann	männlich	Point(13.70673 51.03511)	01187
Bienertstraße	Gottlieb Traugott Bienert	männlich	Point(13.708802 51.030412)	01187
Bischof-Benno-Weg	Benno von Meißen	männlich	Point(13.61646 51.08217)	01156
Bismarckstraße	Otto von Bismarck	männlich	Point(13.81665 51.00584)	01257
Bodelschwinghstraße	Friedrich von Bodelschwingh der Ältere	männlich	Point(13.70834 51.04763)	01159
Bodemerweg	Jacob Georg Bodemer	männlich	Point(13.869254 51.013595)	01326
Bramschstraße	Johann Ludwig Bramsch	männlich	Point(13.69198 51.0481)	01159
Breitscheidstraße	Rudolf Breitscheid	männlich	Point(13.81208 51.01184)	01237
Brendelweg	Christian Friedrich Brendel	männlich	Point(13.70779 51.01736)	01189
Brentanostraße	Clemens Brentano	männlich	Point(13.65956 51.05956)	01157
Brockhausstraße	Friedrich Arnold Brockhaus	männlich	Point(13.78914 51.06563)	01099
Brueghelstraße	Pieter Bruegel der Ältere	männlich	Point(13.77403 51.12494)	01109
Bruno-Bürgel-Straße	Bruno H. Bürgel	männlich	Point(13.68763 51.01325)	01189
Buchnerstraße	Paul Buchner	männlich	Point(13.75685 51.02262)	01217
Bulgakowstraße	Michail Afanassjewitsch Bulgakow	männlich	Point(13.7369 51.02082)	01217
Burgkstraße	Arthur Dathe von Burgk	männlich	Point(13.69761 51.04664)	01159
Busmannstraße	Lorenz Busmann	männlich	Point(13.75507 51.0171)	01217
Bünaustraße	Heinrich von Bünau	männlich	Point(13.69933 51.03858)	01159
Böhmertstraße	Viktor Böhmert	männlich	Point(13.78515 51.06867)	01099
Böllstraße	Heinrich Böll	männlich	Point(13.7336 51.02199)	01217
Carl-Immermann-Straße	Karl Immermann	männlich	Point(13.6877 51.05517)	01157
Carl-Maria-von-Weber-Straße	Carl Maria von Weber	männlich	Point(13.8515 51.00999)	01259
Caroline-Bardua-Straße	Caroline Bardua	weiblich	Point(13.75647 51.0192)	01217
Cauerstraße	Emil Cauer der Ältere	männlich	Point(13.75182 51.02552)	01217
Chamissostraße	Adelbert von Chamisso	männlich	Point(13.68731 51.04875)	01157
Charlotte-Bühler-Straße	Charlotte Bühler	weiblich	Point(13.762637 51.081457)	01099
Charlottenstraße	Charlotte von Schiller	weiblich	Point(13.781149 51.069776)	01099
Chopinstraße	Frédéric Chopin	männlich	Point(13.83288 51.06135)	01324
Christian-Morgenstern-Straße	Christian Morgenstern	männlich	Point(13.80329 50.99869)	01257
Christian-Sültze-Straße	Christian Sültze	männlich	Point(13.80293 50.99117)	01257
Clara-Viebig-Straße	Clara Viebig	weiblich	Point(13.70398 51.03833)	01159
Clara-Zetkin-Straße	Clara Zetkin	weiblich	Point(13.69634 51.03788)	01159
Clausen-Dahl-Straße	Johan Christian Clausen Dahl	männlich	Point(13.7606 51.01557)	01219
Clemens-Müller-Straße	Clemens Müller	männlich	Point(13.76904 51.08388)	01099
Collenbuschstraße	Adolph Collenbusch	männlich	Point(13.81832 51.06277)	01324
Columbusstraße	Christoph Kolumbus	männlich	Point(13.7048 51.04581)	01159
Conrad-Felixmüller-Straße	Conrad Felixmüller	männlich	Point(13.77632 51.01748)	01219
Corinthstraße	Lovis Corinth	männlich	Point(13.76217 51.02039)	01219
Corinthstraße	Lovis Corinth	männlich	Point(13.76217 51.02039)	01217
Cornelius-Gurlitt-Straße	Cornelius Gurlitt	männlich	Point(13.68369 51.01396)	01189
Coselgasse	Constantia von Cosel	weiblich	Point(13.842552 51.020061)	01279
Coselweg	Friedrich August Cosel	männlich	Point(13.6956 51.02034)	01189
Albertstadt	Albert von Sachsen	männlich	Point(13.7575 51.08)	01099
Semperoper	Gottfried Semper	männlich	Point(13.735277777 51.054444444)	01067
Augustusbrücke	August der Starke	männlich	Point(13.739568 51.055263)	01067
Augustusbrücke	August der Starke	männlich	Point(13.739568 51.055263)	01097
Augustusstraße	August der Starke	männlich	Point(13.7392 51.0528)	01067
Emerich-Ambros-Ufer	Emerich Ambros	männlich	Point(13.6982 51.0527)	01157
Emerich-Ambros-Ufer	Emerich Ambros	männlich	Point(13.6982 51.0527)	01159
Erich Kästner Museum	Erich Kästner	männlich	Point(13.7457 51.0638)	01097
Fetscherstraße	Rainer Fetscher	männlich	Point(13.7772 51.0522)	01307
Kraszewski-Museum	Józef Ignacy Kraszewski	männlich	Point(13.76305556 51.07038889)	01099
Albertplatz	Albert von Sachsen	männlich	Point(13.7469 51.0633)	01097
Carolabrücke	Carola von Wasa-Holstein-Gottorp	weiblich	Point(13.74703 51.05456)	01067
Carolabrücke	Carola von Wasa-Holstein-Gottorp	weiblich	Point(13.74703 51.05456)	01097
Christuskirche Strehlen	Jesus Christus	männlich	Point(13.76525 51.0273)	01219
Bertheltstraße	August Berthelt	männlich	Point(13.76325 51.046035)	01307
Hähnelstraße	Ernst Hähnel	männlich	Point(13.76457 51.045695)	01307
Nicolaistraße	Hermann Nicolai	männlich	Point(13.768446 51.0468)	01307
Marie-Stritt-Straße	Marie Stritt	weiblich	Point(13.781325 51.042966)	01309
Karl-Roth-Straße	Karl Roth	männlich	Point(13.782229 51.038905)	01309
Stresemannplatz	Gustav Stresemann	männlich	Point(13.773974 51.043068)	01309
Henzestraße	Robert Henze	männlich	Point(13.771195 51.042548)	01309
Wallotstraße	Paul Wallot	männlich	Point(13.770335 51.044551)	01307
Wallotstraße	Paul Wallot	männlich	Point(13.770335 51.044551)	01309
Reinickstraße	Robert Reinick	männlich	Point(13.773404 51.044427)	01309
Paul-Gerhardt-Straße	Paul Gerhardt	männlich	Point(13.781398 51.05059)	01309
Spenerstraße	Philipp Jacob Spener	männlich	Point(13.785726 51.048666)	01309
Haydnstraße	Joseph Haydn	männlich	Point(13.777127 51.04674)	01309
Regerstraße	Max Reger	männlich	Point(13.800402 51.052291)	01309
Paulusplatz	Friedrich Heinrich Paulus	männlich	Point(13.800468 51.050655)	01309
Brucknerstraße	Anton Bruckner	männlich	Point(13.804215 51.049564)	01309
Tannenstraße	Lothar von Hausen	männlich	Point(13.754028 51.073549)	01097
Stauffenbergallee	Claus Schenk Graf von Stauffenberg	männlich	Point(13.757764 51.075897)	01099
Dr.-Friedrich-Wolf-Straße	Friedrich Wolf	männlich	Point(13.744612 51.066839)	01097
Erna-Berger-Straße	Erna Berger	weiblich	Point(13.744051 51.065513)	01097
Louisenstraße	Maria Luisa von Bourbon-Parma	weiblich	Point(13.753354 51.066481)	01099
Katharinenstraße	Katharina von Mecklenburg	weiblich	Point(13.748672 51.066395)	01099
Dürerstraße	Albrecht Dürer	männlich	Point(13.76578 51.05145)	01069
Dürerstraße	Albrecht Dürer	männlich	Point(13.76578 51.05145)	01307
Dürerstraße	Albrecht Dürer	männlich	Point(13.76578 51.05145)	01309
Timaeusstraße	August Friedrich Timaeus	männlich	Point(13.752364 51.069442)	01099
Rudolf-Leonhard-Straße	Rudolf Leonhard	männlich	Point(13.748866 51.073919)	01097
Johann-Meyer-Straße	Johann Meyer	männlich	Point(13.745289 51.074789)	01097
Conradstraße	Konrad I.	männlich	Point(13.740902 51.071708)	01097
Fritz-Reuter-Straße	Fritz Reuter	männlich	Point(13.739759 51.07382)	01097
Gutschmidstraße	Christian Gotthelf von Gutschmid	männlich	Point(13.74379 51.073839)	01097
Ottostraße	Otto	männlich	Point(13.740875 51.070631)	01097
Fritz-Hoffmann-Straße	Fritz Hoffmann	männlich	Point(13.7401 51.069162)	01097
Lessingstraße	Gotthold Ephraim Lessing	männlich	Point(13.756161 51.061855)	01099
Lessingstraße	Erzherzog Karl Ludwig	männlich	Point(13.756161 51.061855)	01099
Melanchthonstraße	Philipp Melanchthon	männlich	Point(13.754449 51.061071)	01099
Tieckstraße	Ludwig Tieck	männlich	Point(13.753174 51.061783)	01099
Martin-Luther-Straße	Martin Luther	männlich	Point(13.755905 51.064501)	01099
Martin-Luther-Platz	Martin Luther	männlich	Point(13.756704 51.064252)	01099
Wigardstraße	Hans Georg von Arnim-Boitzenburg	männlich	Point(13.750011 51.057939)	01097
Wigardstraße	Franz Jacob Wigard	männlich	Point(13.750011 51.057939)	01097
Wilhelm-Buck-Straße	Wilhelm Buck	männlich	Point(13.748117 51.058334)	01097
Wilhelm-Buck-Straße	Ernst Adolph von Craushaar	männlich	Point(13.748117 51.058334)	01097
Erich-Ponto-Straße	Erich Ponto	männlich	Point(13.747683 51.058996)	01097
Paul-Schwarze-Straße	Paul Schwarze	männlich	Point(13.746996 51.060325)	01097
Georgenstraße	Georg der Bärtige	männlich	Point(13.748277 51.062028)	01097
Hans-Oster-Straße	Hans Oster	männlich	Point(13.75675 51.07444)	01099
Andersenstraße	Hans Christian Andersen	männlich	Point(13.683082 51.083939)	01139
Andreas-Hofer-Straße	Andreas Hofer	männlich	Point(13.858313 51.003149)	01259
Angelikastraße	Angelika Kauffmann	weiblich	Point(13.78327 51.06811)	01099
Anna-Angermann-Straße	Anna Elisabeth Angermann	weiblich	Point(13.82048 51.04793)	01326
Anne-Frank-Straße	Anne Frank	weiblich	Point(13.69093 51.099937)	01445
Anton-Günther-Weg	Anton Günther	männlich	Point(13.8711 51.06484)	01328
Anton-Weck-Straße	Anton Weck	männlich	Point(13.70194 51.04094)	01159
Antonin-Dvorak-Straße	Antonín Dvořák	männlich	Point(13.80651 51.00142)	01257
Anzengruberweg	Ludwig Anzengruber	männlich	Point(13.83419 51.05298)	01326
Arltstraße	Max Ludwig Arlt	männlich	Point(13.71293 51.02093)	01187
Arno-Schellenberg-Straße	Arno Schellenberg	männlich	Point(13.788264 50.990453)	01239
Arthur-Schloßmann-Weg	Arthur Schloßmann	männlich	Point(13.75396 51.01673)	01217
Arthur-Weineck-Straße	Leonhard von Blumenthal	männlich	Point(13.67681 51.05151)	01157
Arthur-Weineck-Straße	Arthur Weineck	männlich	Point(13.67681 51.05151)	01157
August-Bebel-Straße	August Bebel	männlich	Point(13.75402 51.03052)	01219
August-Böckstiegel-Straße	Peter August Böckstiegel	männlich	Point(13.87257 51.00752)	01326
August-Röckel-Straße	August Röckel	männlich	Point(13.85137 51.008995)	01259
August-Wagner-Straße	Karl August Wagner	männlich	Point(13.79814 51.14362)	01108
Auguste-Lazar-Straße	Auguste Lazar	weiblich	Point(13.73353 51.02016)	01217
Baluschekstraße	Hans Baluschek	männlich	Point(13.70366 51.0455)	01159
Baluschekstraße	Germania	weiblich	Point(13.70366 51.0455)	01159
Barkhausenstraße	Heinrich Barkhausen	männlich	Point(13.733053 51.027199)	01069
Barlachstraße	Gebhard Leberecht von Blücher	männlich	Point(13.756016 51.02807)	01219
Barlachstraße	Ernst Barlach	männlich	Point(13.756016 51.02807)	01219
Bayrische Straße	Otto von Bismarck	männlich	Point(13.72899 51.040428)	01069
Bedrich-Smetana-Straße	Bedřich Smetana	männlich	Point(13.818752 50.995041)	01259
Behringstraße	Emil von Behring	männlich	Point(13.714162 51.052394)	01067
Behringstraße	Emil von Behring	männlich	Point(13.714162 51.052394)	01159
Moritzgasse	Moritz von Sachsen	männlich	Point(13.7409 51.050631)	01067
Akademiestraße	August von Sachsen	männlich	Point(13.746482 51.05145)	01067
Annenstraße	Anna von Dänemark (1532–1585)	weiblich	Point(13.727659 51.048657)	01067
Weinligstraße	Albert Christian Weinlig	männlich	Point(13.729774 51.046902)	01067
Ehrlichstraße	Johann Georg Ehrlich	männlich	Point(13.722982 51.051769)	01067
Alfred-Althus-Straße	Alfred Althus	männlich	Point(13.724301 51.051562)	01067
Ermischstraße	Hubert Georg Ermisch	männlich	Point(13.726685 51.051651)	01067
Sidonienstraße	Prinzessin Sidonie von Sachsen	weiblich	Point(13.737436 51.040393)	01069
Ferdinandplatz	Ferdinand IV.	männlich	Point(13.738948 51.046245)	01069
Ferdinandstraße	Ferdinand IV.	männlich	Point(13.737718 51.045499)	01069
Hans-Dankner-Straße	Hans Dankner	männlich	Point(13.739737 51.04241)	01069
Struvestraße	Friedrich Adolph August Struve	männlich	Point(13.739955 51.041512)	01069
Walpurgisstraße	Maria Antonia Walpurgis von Bayern	weiblich	Point(13.740353 51.042949)	01069
Lennéplatz	Peter Joseph Lenné	männlich	Point(13.747393 51.038035)	01069
Gellertstraße	Christian Fürchtegott Gellert	männlich	Point(13.745597 51.037885)	01069
Mary-Wigman-Straße	Mary Wigman	weiblich	Point(13.73971 51.04009)	01069
Dore-Hoyer-Straße	Dore Hoyer	weiblich	Point(13.741124 51.040039)	01069
Gret-Palucca-Straße	Johann Wolfgang von Goethe	männlich	Point(13.741804 51.038937)	01069
Gret-Palucca-Straße	Gret Palucca	weiblich	Point(13.741804 51.038937)	01069
Blüherstraße	Bernhard Blüher	männlich	Point(13.748208 51.043908)	01069
Zinzendorfstraße	Nikolaus Ludwig von Zinzendorf	männlich	Point(13.744049 51.044599)	01069
Lingnerallee	Karl August Lingner	männlich	Point(13.748391 51.044816)	01069
Franklinstraße	Benjamin Franklin	männlich	Point(13.742952 51.034471)	01069
Lingnerplatz	Karl August Lingner	männlich	Point(13.747596 51.043835)	01069
Helmut-Schön-Allee	Helmut Schön	männlich	Point(13.749612 51.043106)	01069
Gerhart-Hauptmann-Straße	Gerhart Hauptmann	männlich	Point(13.749334 51.035945)	01219
Mozartstraße	Wolfgang Amadeus Mozart	männlich	Point(13.751744 51.035923)	01219
Richard-Wagner-Straße	Richard Wagner	männlich	Point(13.753803 51.034764)	01219
Beethovenstraße	Ludwig van Beethoven	männlich	Point(13.75621 51.034031)	01219
Herderstraße	Johann Gottfried Herder	männlich	Point(13.760409 51.032807)	01219
Voßstraße	Johann Heinrich Voß	männlich	Point(13.764443 51.031399)	01219
Leon-Pohle-Straße	Leon Pohle	männlich	Point(13.766774 51.030561)	01219
Oskarstraße	Oskar II.	männlich	Point(13.761564 51.031545)	01219
Franz-Liszt-Straße	Franz Liszt	männlich	Point(13.756872 51.031502)	01219
Schlömilchstraße	Oskar Schlömilch	männlich	Point(13.817224 51.034588)	01279
Bockemühlstraße	Alfred Bockemühl	männlich	Point(13.819343 51.03427)	01279
Rittershausstraße	Trajan Rittershaus	männlich	Point(13.82033 51.033406)	01279
Theodor-Friedrich-Weg	Theodor Friedrich	männlich	Point(13.822415 51.033153)	01279
Bellingrathstraße	Ewald Bellingrath	männlich	Point(13.824523 51.033144)	01279
Calvinstraße	Johannes Calvin	männlich	Point(13.787009 51.034475)	01277
Beilstraße	Eva Rosine Beil	weiblich	Point(13.779899 51.03247)	01277
Friedrich-Bouché-Weg	Friedrich Bouché	männlich	Point(13.7662 51.03989)	01219
Herkulesallee	Herakles	männlich	Point(13.763524 51.039355)	01219
Lewickistraße	Leonidas Lewicki	männlich	Point(13.820299 51.029603)	01279
Nagelstraße	August Nagel	männlich	Point(13.818114 51.02896)	01279
Herbert-Wehner-Platz	Herbert Wehner	männlich	Point(13.736208 51.049097)	01067
Toeplerstraße	August Toepler	männlich	Point(13.82163 51.029214)	01279
Schulze-Delitzsch-Straße	Hermann Schulze-Delitzsch	männlich	Point(13.81817 51.02951)	01279
Stephanstraße	Heinrich von Stephan	männlich	Point(13.71507 51.09362)	01129
Lichtenbergweg	Georg Christoph Lichtenberg	männlich	Point(13.710436 51.090962)	01129
Böttgerstraße	Johann Friedrich Böttger	männlich	Point(13.713196 51.09259)	01129
Burgsdorffstraße	Curt Ludwig Franz von Burgsdorff	männlich	Point(13.716534 51.093667)	01129
Kopernikusstraße	Nikolaus Kopernikus	männlich	Point(13.710944 51.091806)	01129
Halleystraße	Edmond Halley	männlich	Point(13.708405 51.092663)	01129
Dopplerstraße	Christian Doppler	männlich	Point(13.70739 51.093187)	01129
Fraunhoferstraße	Joseph von Fraunhofer	männlich	Point(13.705467 51.092649)	01129
Abbestraße	Ernst Abbe	männlich	Point(13.706615 51.093409)	01129
Carl-Zeiß-Straße	Carl Zeiß	männlich	Point(13.706913 51.094479)	01129
Benzstraße	Carl Benz	männlich	Point(13.706121 51.092892)	01129
Brehmweg	Christian Ludwig Brehm	männlich	Point(13.706437 51.092652)	01129
Steinheilstraße	Carl August von Steinheil	männlich	Point(13.708594 51.093035)	01129
Galileistraße	Galileo Galilei	männlich	Point(13.709214 51.097461)	01129
Eulerstraße	Leonhard Euler	männlich	Point(13.70501 51.096573)	01129
Maria-Kirch-Straße	Maria Margaretha Kirch	weiblich	Point(13.70354 51.096141)	01129
Morseweg	Samuel F. B. Morse	männlich	Point(13.701969 51.094579)	01129
Kleestraße	Julius Ludwig Klee	männlich	Point(13.702142 51.092148)	01139
Richard-Rösch-Straße	Richard Rösch	männlich	Point(13.703141 51.091946)	01129
Seumestraße	Johann Gottfried Seume	männlich	Point(13.727713 51.087946)	01129
Rückertstraße	Friedrich Rückert	männlich	Point(13.726057 51.089126)	01129
Hans-Sachs-Straße	Hans Sachs	männlich	Point(13.727215 51.087356)	01129
Kleiststraße	Heinrich von Kleist	männlich	Point(13.727374 51.086368)	01129
Maxim-Gorki-Straße	Maxim Gorki	männlich	Point(13.729981 51.089055)	01127
Maxim-Gorki-Straße	Maxim Gorki	männlich	Point(13.729981 51.089055)	01129
Dorothea-Erxleben-Straße	Dorothea Christiane Erxleben	weiblich	Point(13.72151 51.094884)	01129
Bolivarstraße	Simón Bolívar	männlich	Point(13.722351 51.09412)	01129
Virchowstraße	Rudolf Virchow	männlich	Point(13.722003 51.094413)	01129
Albert-Hensel-Straße	Albert Hensel	männlich	Point(13.729658 51.094058)	01129
Meinholdstraße	Carl Christian Meinhold	männlich	Point(13.733626 51.099016)	01129
Fiedlerstraße	Alfred Fiedler	männlich	Point(13.778421 51.054022)	01307
Mildred-Scheel-Straße	Mildred Scheel	weiblich	Point(13.784034 51.055058)	01307
Terscheckstraße	Carl Adolph Terscheck	männlich	Point(13.774286 51.056933)	01307
Bönischplatz	Karl Friedrich Emil Bönisch	männlich	Point(13.762848 51.055816)	01307
Gutenbergstraße	Johannes Gutenberg	männlich	Point(13.769605 51.058009)	01307
Alfred-Schrapel-Straße	Alfred Schrapel	männlich	Point(13.769492 51.059442)	01307
Arnoldstraße	Johann Christoph Arnold	männlich	Point(13.768382 51.057209)	01307
Pfeifferhannsstraße	Heinrich Pfeiffer	männlich	Point(13.765624 51.05754)	01307
Florian-Geyer-Straße	Florian Geyer	männlich	Point(13.761798 51.057004)	01307
Bundschuhstraße	August Neidhardt von Gneisenau	männlich	Point(13.762643 51.057034)	01307
Thomas-Müntzer-Platz	Thomas Müntzer	männlich	Point(13.766742 51.059233)	01307
Roßbachstraße	Arwed Roßbach	männlich	Point(13.754481 51.054261)	01069
Rietschelstraße	Ernst Rietschel	männlich	Point(13.75375 51.052741)	01069
Pestalozzistraße	Johann Heinrich Pestalozzi	männlich	Point(13.75667 51.05132)	01069
Mathildenstraße	Mathilde von Sachsen	weiblich	Point(13.75255 51.048989)	01069
Blochmannstraße	Rudolf Sigismund Blochmann	männlich	Point(13.754569 51.048342)	01069
Rathenauplatz	Amalie Auguste von Bayern	weiblich	Point(13.747126 51.051496)	01069
Rathenauplatz	Walther Rathenau	männlich	Point(13.747126 51.051496)	01069
Uhlandstraße	Ludwig Uhland	männlich	Point(13.738102 51.034603)	01069
Andreas-Schubert-Straße	Johann Andreas Schubert	männlich	Point(13.736215 51.035911)	01069
Dr.-Külz-Ring	Wilhelm Külz	männlich	Point(13.737697 51.047327)	01067
Curt-Guratzsch-Straße	Curt Guratzsch	männlich	Point(13.82277 51.00019)	01257
Curt-Querner-Straße	Curt Querner	männlich	Point(13.777413 51.016322)	01219
Damaschkestraße	Adolf Damaschke	männlich	Point(13.859785 51.000585)	01259
Darwinstraße	Charles Darwin	männlich	Point(13.78453 51.11797)	01109
Defreggerstraße	Franz Defregger	männlich	Point(13.76303 51.0229)	01219
Degelestraße	Eugen Degele	männlich	Point(13.82821 51.06154)	01324
Dessauerstraße	Leopold I.	männlich	Point(13.67737 51.04161)	01169
Dettmerstraße	Friedrich Dettmer	männlich	Point(13.71445 51.08144)	01139
Dieselstraße	Rudolf Diesel	männlich	Point(13.827434 51.008191)	01257
Diesterwegstraße	Adolph Diesterweg	männlich	Point(13.852566 51.000561)	01259
Donndorfstraße	Adolf von Donndorf	männlich	Point(13.7528 51.02509)	01217
Dora-Stock-Straße	Dora Stock	weiblich	Point(13.7511 51.021696)	01217
Dora-Zschille-Straße	Dora Zschille	weiblich	Point(13.79732 50.98828)	01257
Dostojewskistraße	Fjodor Michailowitsch Dostojewski	männlich	Point(13.80989 51.06271)	01326
Droste-Hülshoff-Straße	Annette von Droste-Hülshoff	weiblich	Point(13.66647 51.06059)	01157
Edmund-Moeller-Weg	Edmund Moeller	männlich	Point(13.784463 51.018669)	01219
Egon-Erwin-Kisch-Straße	Egon Erwin Kisch	männlich	Point(13.73825 51.03128)	01069
Eichendorffstraße	Joseph von Eichendorff	männlich	Point(13.7044 51.04482)	01159
Einsteinstraße	Albert Einstein	männlich	Point(13.732905 51.03056)	01069
Elfride-Trötschel-Straße	Elfride Trötschel	weiblich	Point(13.79271 50.99184)	01239
Elisabeth-Boer-Straße	Elisabeth Boer	weiblich	Point(13.75943 51.08343)	01099
Elsa-Brändström-Straße	Elsa Brändström	weiblich	Point(13.76552 51.02589)	01219
Emil-Rosenow-Straße	Emil Rosenow	männlich	Point(13.69525 51.01254)	01189
Emil-Ueberall-Straße	Herbert von Bismarck	männlich	Point(13.69263 51.04373)	01159
Enno-Heidebroek-Straße	Enno Heidebroek	männlich	Point(13.79418 51.01613)	01237
Erich-Kästner-Straße	Erich Kästner	männlich	Point(13.80668 50.99656)	01257
Erich-Ockert-Weg	Erich Ockert	männlich	Point(13.79234 51.13916)	01108
Erlweinstraße	Hans Erlwein	männlich	Point(13.7349 51.03048)	01069
Erna-Sack-Straße	Erna Sack	weiblich	Point(13.78892 50.99089)	01239
Ernst-Toller-Straße	Ernst Toller	männlich	Point(13.80457 51.00014)	01257
Ernst-Wagner-Straße	Ernst Wagner	männlich	Point(13.7071 51.11594)	01468
Eugen-Bracht-Straße	Eugen Bracht	männlich	Point(13.77316 51.02232)	01219
Eugen-Dieterich-Straße	Eugen Dieterich	männlich	Point(13.84933 51.02826)	01326
Eva-Schulze-Knabe-Straße	Eva Schulze-Knabe	weiblich	Point(13.78348 51.01871)	01219
Ewald-Kluge-Straße	Ewald Kluge	männlich	Point(13.79475 51.13895)	01108
Ewald-Schönberg-Straße	Ewald Schönberg	männlich	Point(13.74364 51.02635)	01217
Fabricestraße	Alfred von Fabrice	männlich	Point(13.75491 51.08167)	01099
Fanny-Lewald-Straße	Fanny Lewald	weiblich	Point(13.8597 51.00348)	01259
Felix-Dahn-Weg	Felix Dahn	männlich	Point(13.67399 51.06272)	01157
Fichtestraße	Johann Gottlieb Fichte	männlich	Point(13.77775 51.11801)	01109
Fidelio-F.-Finke-Straße	Fidelio F. Finke	männlich	Point(13.81596 51.05198)	01326
Floriangasse	Florian von Lorch	männlich	Point(13.867824 51.146854)	01465
Prof.-Ricker-Straße	Gustav Ricker	männlich	Point(13.809156 51.024664)	01277
Paracelsusstraße	Paracelsus	männlich	Point(13.811008 51.023554)	01277
Hahnemannstraße	Samuel Hahnemann	männlich	Point(13.812362 51.023915)	01237
Suttnerstraße	Bertha von Suttner	weiblich	Point(13.812795 51.021702)	01237
Hanns-Rothbarth-Straße	Hanns Rothbarth	männlich	Point(13.812983 51.022212)	01237
Basedowstraße	Johann Bernhard Basedow	männlich	Point(13.813881 51.022362)	01237
Ackermannstraße	Karl Gustav Ackermann	männlich	Point(13.74768 51.0313)	01217
Adalbert-Stifter-Weg	Adalbert Stifter	männlich	Point(13.66077 51.05193)	01157
Agnes-Smedley-Straße	Agnes Smedley	weiblich	Point(13.70443 51.03326)	01187
Agneshöhe	Agnes Hottenroth	weiblich	Point(13.841721 51.038526)	01326
Albert-Fromme-Weg	Albert Fromme	männlich	Point(13.75149 51.08247)	01099
Albert-Richter-Straße	Albert Richter	männlich	Point(13.838606 51.122108)	01465
Albert-Schweitzer-Straße	Albert Schweitzer	männlich	Point(13.706702 51.021325)	01187
Albrechtshöhe	Albrecht der Beherzte	männlich	Point(13.62529 51.08051)	01156
Alexander-Herzen-Straße	Alexander Iwanowitsch Herzen	männlich	Point(13.786584 51.119335)	01109
Alfred-Darre-Weg	Max Alfred Darre	männlich	Point(13.6835 51.0242)	01187
Alfred-Schmieder-Straße	Alfred Schmieder	männlich	Point(13.6934 51.0324)	01159
Alfred-Thiele-Straße	Alfred Thiele	männlich	Point(13.687497 51.032032)	01159
Alojs-Andricki-Straße	Alois Andritzki	männlich	Point(13.829614 51.062928)	01324
Rudolf-Mauersberger-Straße	Rudolf Mauersberger	männlich	Point(13.774499 51.040645)	01309
Am Bramschkontor	Johann Ludwig Bramsch	männlich	Point(13.71928 51.06158)	01067
Junghansstraße	Eugen Ferdinand Junghans	männlich	Point(13.79306 51.0378)	01277
Körnerplatz	Christian Gottfried Körner	männlich	Point(13.81457 51.05417)	01326
Behrischstraße	Burkhard Leberecht Behrisch	männlich	Point(13.80334 51.04383)	01277
Tzschimmerstraße	Gabriel Tzschimmer	männlich	Point(13.79566 51.04693)	01309
Chiaverigasse	Gaetano Chiaveri	männlich	Point(13.737256 51.053124)	01067
Hertha-Lindner-Straße	Herta Lindner	weiblich	Point(13.72903 51.051467)	01067
Devrientstraße	Gustav Emil Devrient	männlich	Point(13.731281 51.057407)	01067
Bernhard-von-Lindenau-Platz	Bernhard von Lindenau	männlich	Point(13.733741 51.056035)	01067
Maxstraße	Maximilian von Sachsen	männlich	Point(13.727073 51.056821)	01067
Jahnstraße	Friedrich Ludwig Jahn	männlich	Point(13.723804 51.054727)	01067
Antonstraße	Anton	männlich	Point(13.742027 51.064692)	01097
Sophienstraße	Sophie von Brandenburg	weiblich	Point(13.734444 51.051944)	01067
Königsheimplatz	Arthur Willibald Königsheim	männlich	Point(13.78672 51.0538)	01307
Käthe-Kollwitz-Ufer	Käthe Kollwitz	weiblich	Point(13.783616 51.060718)	01307
Käthe-Kollwitz-Ufer	Käthe Kollwitz	weiblich	Point(13.783616 51.060718)	01309
Jorge-Gomondai-Platz	Jorge Gomondai	männlich	Point(13.74496 51.06181)	01097
Pastor-Roller-Kirche	Samuel David Roller	männlich	Point(13.807935 51.151451)	01108
Reichenbachstraße	Ludwig Reichenbach	männlich	Point(13.740472222 51.032527777)	01069
Reichenbachstraße	Ludwig Reichenbach	männlich	Point(13.740472222 51.032527777)	01217
Könneritzstraße	Leonce von Könneritz	männlich	Point(13.724444 51.055833)	01067
Stübelallee	Paul Alfred Stübel	männlich	Point(13.7699 51.04013)	01307
Stübelallee	Paul Alfred Stübel	männlich	Point(13.7699 51.04013)	01309
Goetheallee	Johann Wolfgang von Goethe	männlich	Point(13.7953 51.0577)	01309
Naumannstraße	Johann Gottlieb Naumann	männlich	Point(13.80531 51.0526)	01309
Robert-Blum-Straße	Robert Blum	männlich	Point(13.73755 51.06233)	01097
Zwinglistraße	Huldrych Zwingli	männlich	Point(13.78322 51.03395)	01277
Köpckestraße	Claus Koepcke	männlich	Point(13.74372 51.05729)	01097
Caspar-David-Friedrich-Straße	Caspar David Friedrich	männlich	Point(13.7575 51.02728)	01219
Caspar-David-Friedrich-Straße	Caspar David Friedrich	männlich	Point(13.7575 51.02728)	01217
Friedrichstraße	Friedrich August I.	männlich	Point(13.71941 51.0595)	01067
Güntzstraße	Elija	männlich	Point(13.7575 51.0507)	01069
Güntzstraße	Elija	männlich	Point(13.7575 51.0507)	01307
Güntzstraße	Justus Friedrich Güntz	männlich	Point(13.7575 51.0507)	01069
Güntzstraße	Justus Friedrich Güntz	männlich	Point(13.7575 51.0507)	01307
Pohlandstraße	Carl Christian Pohland	männlich	Point(13.79696 51.04664)	01309
Ermelstraße	Friedrich August Ermel	männlich	Point(13.79839 51.04565)	01277
Karcherallee	Johann Friedrich Karcher	männlich	Point(13.77458 51.03319)	01219
Karcherallee	Johann Friedrich Karcher	männlich	Point(13.77458 51.03319)	01277
Bernhardstraße	Bernhard von Lindenau	männlich	Point(13.71892 51.03215)	01069
Bernhardstraße	Bernhard von Lindenau	männlich	Point(13.71892 51.03215)	01187
Lennéstraße	Peter Joseph Lenné	männlich	Point(13.75088 51.0421)	01069
Rudolf-Renner-Straße	Rudolf Renner	männlich	Point(13.69251 51.04747)	01157
Rudolf-Renner-Straße	Rudolf Renner	männlich	Point(13.69251 51.04747)	01159
Altstrehlen	Friedrich August III.	männlich	Point(13.76288 51.02718)	01219
Pfotenhauerstraße	Wilhelm Pfotenhauer	männlich	Point(13.77215 51.05763)	01307
Hertelstraße	Theodor Julius Hertel	männlich	Point(13.77221 51.05842)	01307
Neubertstraße	Heinrich Moritz Neubert	männlich	Point(13.77437 51.05836)	01307
Mommsenstraße	Theodor Mommsen	männlich	Point(13.72833 51.0272)	01069
Helmholtzstraße	Hermann von Helmholtz	männlich	Point(13.725 51.02812)	01069
George-Bähr-Straße	George Bähr	männlich	Point(13.72554 51.02985)	01069
Liebigstraße	Justus von Liebig	männlich	Point(13.72238 51.03322)	01069
Liebigstraße	Justus von Liebig	männlich	Point(13.72238 51.03322)	01187
Eisenstuckstraße	Christian Gottlieb Eisenstuck	männlich	Point(13.72264 51.03523)	01069
Jacobistraße	Johann Georg Ferdinand Jacobi	männlich	Point(13.79506 51.04791)	01309
Anton-Graff-Straße	Anton Graff	männlich	Point(13.772651111 51.045063888)	01309
Gabelsbergerstraße	Franz Xaver Gabelsberger	männlich	Point(13.776412 51.04935)	01307
Gabelsbergerstraße	Franz Xaver Gabelsberger	männlich	Point(13.776412 51.04935)	01309
Dornblüthstraße	Marcus Dornblüth	männlich	Point(13.799837 51.044437)	01277
Bergmannstraße	Ehregott Friedrich Bergmann	männlich	Point(13.789572 51.045027)	01309
Bertolt-Brecht-Allee	Bertolt Brecht	männlich	Point(13.780644 51.04225)	01309
Comeniusstraße	Johann Amos Comenius	männlich	Point(13.768107 51.042335)	01307
Comeniusstraße	Johann Amos Comenius	männlich	Point(13.768107 51.042335)	01309
Arno-Lade-Straße	Arno Lade	männlich	Point(13.718967 51.080015)	01127
Hüblerplatz	Balthasar Hübler	männlich	Point(13.793991 51.048973)	01309
Prellerstraße	Friedrich August I.	männlich	Point(13.79832 51.052616)	01309
Prellerstraße	Friedrich Preller der Jüngere	männlich	Point(13.79832 51.052616)	01309
Hüblerstraße	Balthasar Hübler	männlich	Point(13.799176 51.050385)	01309
Lene-Glatzer-Straße	Friedrich I.	männlich	Point(13.791326 51.050248)	01309
Lene-Glatzer-Straße	Helene Glatzer	weiblich	Point(13.791326 51.050248)	01309
Rosa-Menzer-Straße	Rosa Menzer	weiblich	Point(13.788946 51.046716)	01309
Barbarossaplatz	Friedrich I.	männlich	Point(13.790798 51.048416)	01309
Pohlandplatz	Carl Christian Pohland	männlich	Point(13.794346 51.043357)	01309
Tittmannstraße	Karl Christian Tittmann	männlich	Point(13.78305 51.048279)	01309
Hans-Böheim-Straße	Hans Böhm	männlich	Point(13.776593 51.046006)	01309
Krenkelstraße	Max Krenkel	männlich	Point(13.776226 51.04644)	01309
Heubnerstraße	Otto Leonhard Heubner	männlich	Point(13.775667 51.04101)	01309
Holbeinstraße	Hans Holbein der Jüngere	männlich	Point(13.774905 51.04843)	01307
Holbeinstraße	Hans Holbein der Jüngere	männlich	Point(13.774905 51.04843)	01309
Lipsiusstraße	Constantin Lipsius	männlich	Point(13.772418 51.041565)	01309
Löscherstraße	Valentin Ernst Löscher	männlich	Point(13.782647 51.049813)	01309
Mosenstraße	Julius Mosen	männlich	Point(13.777045 51.043712)	01309
Müller-Berset-Straße	Marie Berset	weiblich	Point(13.778157 51.042035)	01309
Melitta-Bentz-Straße	Melitta Bentz	weiblich	Point(13.764416 51.086093)	01099
Meschwitzstraße	Friedrich Wilhelm Meschwitz	männlich	Point(13.766304 51.084114)	01099
Michaelisstraße	Johann Gottlieb Michaelis	männlich	Point(13.80081 50.99414)	01257
Müller-Armack-Straße	Alfred Müller-Armack	männlich	Point(13.77504 51.12836)	01109
Nicodéstraße	Jean Louis Nicodé	männlich	Point(13.834772 51.123897)	01465
Oeserstraße	Adam Friedrich Oeser	männlich	Point(13.82195 51.05312)	01326
Oskar-Kokoschka-Straße	Oskar Kokoschka	männlich	Point(13.7692 51.02686)	01219
Oskar-von-Miller-Straße	Oskar von Miller	männlich	Point(13.83053 50.98616)	01259
Otto-Altenkirch-Straße	Otto Altenkirch	männlich	Point(13.74472 51.02463)	01217
Otto-Ludwig-Straße	Otto Ludwig	männlich	Point(13.84046 51.03817)	01326
Otto-Schindler-Straße	Otto Schindler	männlich	Point(13.87646 51.00658)	01326
Pabststraße	Julius Pabst	männlich	Point(13.830855 51.057239)	01326
Pastor-Roller-Straße	Samuel David Roller	männlich	Point(13.80478 51.15141)	01108
Patrice-Lumumba-Straße	Patrice Lumumba	männlich	Point(13.74527 51.02994)	01217
Paul-Wicke-Straße	Paul Wicke	männlich	Point(13.79682 51.14281)	01108
Peter-Vischer-Straße	Peter Vischer der Ältere	männlich	Point(13.829564 50.986809)	01259
Pochmannstraße	Traugott Leberecht Pochmann	männlich	Point(13.77281 51.02238)	01219
Prof.-von-Finck-Straße	Julius Finck	männlich	Point(13.78375 51.11538)	01109
Raimundstraße	Ferdinand Raimund	männlich	Point(13.68758 51.05723)	01157
Rathenaustraße	Walther Rathenau	männlich	Point(13.8024 51.14343)	01108
Reckestraße	Elisa von der Recke	weiblich	Point(13.705825 51.029053)	01187
Renkstraße	Friedrich Renk	männlich	Point(13.73485 51.03109)	01069
Richard-Riemerschmid-Straße	Richard Riemerschmid	männlich	Point(13.75345 51.11735)	01109
Hallwachsstraße	Wilhelm Hallwachs	männlich	Point(13.72656 51.02627)	01069
Dülferstraße	Martin Dülfer	männlich	Point(13.72721 51.02672)	01069
Weißbachstraße	Karl Weißbach	männlich	Point(13.72918 51.02673)	01069
Zeunerstraße	Friedrich Wilhelm III.	männlich	Point(13.73262 51.0266)	01069
Zeunerstraße	Gustav Zeuner	männlich	Point(13.73262 51.0266)	01069
Wernerstraße	Abraham Gottlob Werner	männlich	Point(13.70396 51.04628)	01159
Heinrich-Greif-Straße	Heinrich Greif	männlich	Point(13.74249 51.02694)	01217
Karl-Laux-Straße	Karl Laux	männlich	Point(13.77461 51.01163)	01219
Kurt-Exner-Weg	Ernst Kurt Exner	männlich	Point(13.77278 51.01098)	01219
Wilhelm-Franke-Straße	Wilhelm Franke	männlich	Point(13.76972 51.01265)	01219
Thomas-Mann-Straße	Thomas Mann	männlich	Point(13.77159 51.01028)	01219
Ricarda-Huch-Straße	Ricarda Huch	weiblich	Point(13.76796 51.0101)	01219
Theodor-Storm-Straße	Theodor Storm	männlich	Point(13.7716 51.00959)	01219
Heinrich-Heine-Straße	Heinrich Heine	männlich	Point(13.77354 51.00892)	01219
Ingeborg-Bachmann-Straße	Ingeborg Bachmann	weiblich	Point(13.77238 51.00889)	01219
Marianne-Bruns-Straße	Marianne Bruns	weiblich	Point(13.77151 51.00874)	01219
Martin-Raschke-Straße	Martin Raschke	männlich	Point(13.77071 51.00882)	01219
Kurt-Liebmann-Straße	Kurt Liebmann	männlich	Point(13.76996 51.00897)	01219
Röntgenstraße	Wilhelm Conrad Röntgen	männlich	Point(13.77227 51.00576)	01239
Schnorrstraße	Julius Schnorr von Carolsfeld	männlich	Point(13.73863 51.03461)	01069
Semperstraße	Gottfried Semper	männlich	Point(13.74589 51.03372)	01069
Wielandstraße	Christoph Martin Wieland	männlich	Point(13.72478 51.04178)	01069
Winckelmannstraße	Johann Joachim Winckelmann	männlich	Point(13.73032 51.03717)	01069
Rabenerstraße	Gottlieb Wilhelm Rabener	männlich	Point(13.7393 51.03544)	01069
Gutzkowstraße	Karl Gutzkow	männlich	Point(13.74035 51.03404)	01069
Rohlfsstraße	Gerhard Rohlfs	männlich	Point(13.73829 51.03203)	01069
Kellstraße	Karl Hermann Kell	männlich	Point(13.71865 51.0424)	01069
Henriette-Heber-Straße	Henriette Heber	weiblich	Point(13.71869 51.04117)	01069
Lahmannring	Heinrich Lahmann	männlich	Point(13.81757 51.06394)	01324
Lehnertstraße	Theodor Lehnert	männlich	Point(13.81708 51.06287)	01324
Hermann-Prell-Straße	Hermann Prell	männlich	Point(13.8136 51.06274)	01326
Hermann-Prell-Straße	Hermann Prell	männlich	Point(13.8136 51.06274)	01324
Küntzelmannstraße	Ludwig Küntzelmann	männlich	Point(13.81633 51.0628)	01324
Oskar-Pletsch-Straße	Oscar Pletsch	männlich	Point(13.82227 51.06042)	01324
Luboldtstraße	Rudolf August Luboldt	männlich	Point(13.8201 51.06172)	01324
Oskar-Seyffert-Straße	Oskar Seyffert	männlich	Point(13.68803 51.01163)	01189
Paul-Büttner-Straße	Paul Büttner	männlich	Point(13.68994 51.00941)	01189
Schillingstraße	Johannes Schilling	männlich	Point(13.70173 51.04245)	01159
Gröbelstraße	Christian Ernst August Gröbel	männlich	Point(13.70227 51.04308)	01159
Franz-Bänsch-Straße	Franz Bänsch	männlich	Point(13.74322 51.01823)	01217
Franz-Curti-Straße	Franz Curti	männlich	Point(13.82885 51.05189)	01326
Franz-Latzel-Straße	Franz Latzel	männlich	Point(13.83851 51.00776)	01257
Franz-Mehring-Straße	Franz Mehring	männlich	Point(13.81342 51.01654)	01237
Franz-Rädlein-Weg	Franz Rädlein	männlich	Point(13.81721 51.14735)	01108
Franz-Werfel-Straße	Franz Werfel	männlich	Point(13.808646 50.999143)	01257
Franziska-Tiburtius-Straße	Franziska Tiburtius	weiblich	Point(13.83266 51.04991)	01326
Freiligrathstraße	Ferdinand Freiligrath	männlich	Point(13.6802 51.06074)	01157
Friederike-Serre-Weg	Friederike Serre	weiblich	Point(13.79044 51.02477)	01237
Friedrich-Adolph-Sorge-Straße	Friedrich Adolf Sorge	männlich	Point(13.82123 51.00079)	01257
Friedrich-August-Straße	Friedrich August III.	männlich	Point(13.60669 51.08999)	01156
Friedrich-Ebert-Straße	Friedrich Ebert	männlich	Point(13.82873 50.99461)	01259
Friedrich-Hegel-Straße	Georg Wilhelm Friedrich Hegel	männlich	Point(13.71143 51.02441)	01187
Friedrich-Kind-Straße	Johann Friedrich Kind	männlich	Point(13.85005 51.00977)	01259
Friedrich-Press-Straße	Friedrich Press	männlich	Point(13.82014 51.04828)	01326
Friedrich-Wieck-Straße	Friedrich Wieck	männlich	Point(13.813455 51.053483)	01326
Friedrich-Wolf-Straße	Friedrich Wolf	männlich	Point(13.83767 51.12502)	01465
Fritz-Busch-Straße	Fritz Busch	männlich	Point(13.77346 51.01292)	01219
Fritz-Meinhardt-Straße	Fritz Meinhardt	männlich	Point(13.78606 50.99535)	01239
Fritz-Schreiter-Straße	Fritz Schreiter	männlich	Point(13.84833 50.99103)	01259
Fritz-Schulze-Straße	Otto Planetta	männlich	Point(13.69976 51.03095)	01159
Fritz-Schulze-Straße	Fritz Schulze	männlich	Point(13.69976 51.03095)	01159
Försterlingstraße	Friedrich Wilhelm Emil Försterling	männlich	Point(13.83223 51.00261)	01259
Försterstraße	Friedrich Wilhelm Foerster	männlich	Point(13.68952 51.01068)	01189
Ganghoferstraße	Ludwig Ganghofer	männlich	Point(13.84985 51.00076)	01259
Geinitzstraße	Hanns Bruno Geinitz	männlich	Point(13.746099 51.031352)	01217
Georg-Estler-Straße	Georg Estler	männlich	Point(13.78591 51.11385)	01109
Georg-Marwitz-Straße	Georg Marwitz	männlich	Point(13.80774 51.01873)	01237
Georg-Mehrtens-Straße	Georg Christoph Mehrtens	männlich	Point(13.7935 51.01551)	01237
Georg-Palitzsch-Straße	Johann Georg Palitzsch	männlich	Point(13.7934 51.00393)	01239
Georg-Schumann-Straße	Georg Schumann	männlich	Point(13.72186 51.02795)	01187
Georg-Wrba-Straße	Georg Wrba	männlich	Point(13.747348 51.032729)	01069
Gertrud-Caspari-Straße	Gertrud Caspari	weiblich	Point(13.78077 51.11465)	01109
Geystraße	Leonhard Gey	männlich	Point(13.75562 51.02338)	01217
Gillestraße	Christian Friedrich Gille	männlich	Point(13.770362 51.018225)	01219
Goethestraße	Johann Wolfgang von Goethe	männlich	Point(13.78386 51.1193)	01109
Gohliser Straße	Hermann Ahlwardt	männlich	Point(13.69555 51.04723)	01157
Gohliser Straße	Hermann Ahlwardt	männlich	Point(13.69555 51.04723)	01159
Ludwig-Kugelmann-Straße	Louis Kugelmann	männlich	Point(13.842852 51.004255)	01259
Putjatinstraße	Nikolai Abramowitsch Putjatin	männlich	Point(13.84739 51.00405)	01259
Peter-Schmoll-Straße	Peter Schmoll	männlich	Point(13.856577 51.00949)	01259
Hans Körnig Museum	Hans Körnig	männlich	Point(13.74014 51.06146)	01097
Otto-Pilz-Straße	Otto Pilz	männlich	Point(13.75331 51.01967)	01217
Gußmannstraße	Otto Gussmann	männlich	Point(13.75769 51.02193)	01217
Knöffelstraße	Johann Christoph Knöffel	männlich	Point(13.75648 51.02311)	01217
Albertbrücke	Albert von Sachsen	männlich	Point(13.7545 51.0573)	01069
Albertbrücke	Albert von Sachsen	männlich	Point(13.7545 51.0573)	01307
Albertbrücke	Albert von Sachsen	männlich	Point(13.7545 51.0573)	01097
Albertbrücke	Albert von Sachsen	männlich	Point(13.7545 51.0573)	01099
Fröbelstraße	Friedrich Fröbel	männlich	Point(13.7051 51.0511)	01159
Königstraße	August der Starke	männlich	Point(13.741 51.0609)	01097
Marienbrücke	Maria Anna von Bayern	weiblich	Point(13.7319 51.0608)	01067
Marienbrücke	Maria Anna von Bayern	weiblich	Point(13.7319 51.0608)	01097
Marienstraße	Maria Anna von Bayern	weiblich	Point(13.7329 51.0488)	01067
Schillerplatz	Friedrich Schiller	männlich	Point(13.8069 51.0521)	01309
Wasaplatz	Gustav von Schweden	männlich	Point(13.7594 51.0282)	01219
Washingtonstraße	George Washington	männlich	Point(13.6925 51.0833)	01139
Albertstraße	Albert von Sachsen	männlich	Point(13.7461 51.0603)	01097
Antonsplatz	Anton	männlich	Point(13.7336 51.0489)	01067
Ammonstraße	Christoph Ammon	männlich	Point(13.7224 51.0461)	01067
Ammonstraße	Christoph Ammon	männlich	Point(13.7224 51.0461)	01069
Fritz-Foerster-Platz	Fritz Foerster	männlich	Point(13.730678 51.030255)	01069
Rosa-Luxemburg-Platz	Rosa Luxemburg	weiblich	Point(13.75291667 51.05868056)	01097
Rosa-Luxemburg-Platz	Rosa Luxemburg	weiblich	Point(13.75291667 51.05868056)	01099
Carolaplatz	Carola von Wasa-Holstein-Gottorp	weiblich	Point(13.74633333 51.05733333)	01097
Beethovenstraße	Ludwig van Beethoven	männlich	Point(13.84375 51.12459)	01465
Roßweiner Straße	Christoph von Carlowitz	männlich	Point(13.68536 51.04268)	01159
Rubensweg	Peter Paul Rubens	männlich	Point(13.747578 51.022286)	01217
Rudi-Lattner-Straße	Rudi Lattner	männlich	Point(13.69425 51.02829)	01187
Rudolf-Harbig-Weg	Rudolf Harbig	männlich	Point(13.72476 51.06234)	01067
Rudolf-Kempe-Straße	Rudolf Kempe	männlich	Point(13.78955 50.99128)	01239
Rudolf-Nehmer-Straße	Rudolf Nehmer	männlich	Point(13.76577 51.124)	01109
Rudolf-Trache-Straße	Rudolf Trache	männlich	Point(13.825164 51.126617)	01465
Rugestraße	Eduard Bendemann	männlich	Point(13.727445 51.033865)	01069
Rugestraße	Sophus Ruge	männlich	Point(13.727445 51.033865)	01069
Schaberschulstraße	Max Schaberschul	männlich	Point(13.820509 51.129071)	01465
Schaumbergerstraße	Heinrich Schaumberger	männlich	Point(13.67265 51.05816)	01157
Schillerstraße	Friedrich Schiller	männlich	Point(13.812772 51.060006)	01326
Schillerstraße (Gohlis)	Friedrich Schiller	männlich	Point(13.635204 51.089816)	01156
Schillerstraße (Langebrück)	Friedrich Schiller	männlich	Point(13.847825 51.128046)	01465
Schillingplatz	Johannes Schilling	männlich	Point(13.699377 51.042318)	01159
Schleiermacherstraße	Friedrich Schleiermacher	männlich	Point(13.703999 51.027815)	01187
Schongauerstraße	Martin Schongauer	männlich	Point(13.818283 50.993945)	01259
Schopenhauerstraße	Arthur Schopenhauer	männlich	Point(13.70635 51.02461)	01187
Schumannstraße	Robert Schumann	männlich	Point(13.765805 51.04488)	01307
Siemensstraße	Werner von Siemens	männlich	Point(13.82919 51.00377)	01257
Silcherstraße	Friedrich Silcher	männlich	Point(13.77081 51.10986)	01109
Spittastraße	Philipp Spitta	männlich	Point(13.786457 51.048133)	01309
Straußstraße	Moritz August Strauß	männlich	Point(13.8346 51.06127)	01324
Tauberthstraße	Otto Volkmar Tauberth	männlich	Point(13.690895 51.068269)	01139
Theodor-Fontane-Straße	Theodor Fontane	männlich	Point(13.787375 51.121795)	01109
Tichystraße	Hans Tichy	männlich	Point(13.776786 51.118434)	01109
Tirmannstraße	Nicolaus Tirmann	männlich	Point(13.736743 51.018222)	01217
Toni-Sender-Straße	Tony Sender	weiblich	Point(13.752406 51.082922)	01099
Gerhart-Hauptmann-Straße (Langebrück)	Gerhart Hauptmann	männlich	Point(13.834 51.12362)	01465
Traute-Richter-Straße	Traute Richter	weiblich	Point(13.76702 51.11579)	01109
Tschirnhausstraße	Ehrenfried Walther von Tschirnhaus	männlich	Point(13.784645 50.994723)	01239
Waltherstraße	Hermann Walther	männlich	Point(13.7092 51.0567)	01067
Leibnizstraße	Gottfried Wilhelm Leibniz	männlich	Point(13.70748 51.02229)	01187
Hantzschstraße	Adolf Hantzsch	männlich	Point(13.71295 51.02021)	01187
Klopstockstraße	Friedrich Gottlieb Klopstock	männlich	Point(13.69 51.05076)	01157
Hölderlinstraße	Friedrich Hölderlin	männlich	Point(13.68792 51.05225)	01157
Hebbelstraße	Friedrich Hebbel	männlich	Point(13.68592 51.05469)	01157
Mörikestraße	Eduard Mörike	männlich	Point(13.68472 51.0567)	01157
Hermann-Seidel-Straße	Hermann Seidel	männlich	Point(13.83377 51.02705)	01279
Neuberinstraße	Friederike Caroline Neuber	weiblich	Point(13.83843 51.02698)	01279
Havemannstraße	Robert Havemann	männlich	Point(13.82799 51.02148)	01279
Melli-Beese-Straße	Melli Beese	weiblich	Point(13.83457 51.0189)	01279
Gustav-Hartmann-Straße	Gustav Hartmann	männlich	Point(13.83697 51.01983)	01279
Schoberstraße	Friedrich Immanuel Schober	männlich	Point(13.83654 51.02267)	01279
Rudolf-Zwintscher-Straße	Rudolf Zwintscher	männlich	Point(13.83993 51.02329)	01279
Paul-Wiegler-Straße	Paul Wiegler	männlich	Point(13.74316 51.02576)	01217
Rungestraße	Philipp Otto Runge	männlich	Point(13.74857 51.02606)	01217
Schinkelstraße	Karl Friedrich Schinkel	männlich	Point(13.74621 51.02601)	01217
Tizianstraße	Tizian	männlich	Point(13.74841 51.02704)	01217
Thormeyerstraße	Gottlob Friedrich Thormeyer	männlich	Point(13.75095 51.02537)	01217
Schurichtstraße	Christian Friedrich Schuricht	männlich	Point(13.75259 51.02452)	01217
Stephensonstraße	George Stephenson	männlich	Point(13.82816 51.00666)	01257
Hertzstraße	Heinrich Hertz	männlich	Point(13.82605 51.00983)	01257
Guerickestraße	Otto von Guericke	männlich	Point(13.82522 51.00705)	01257
Klettestraße	Hermann Klette	männlich	Point(13.82625 51.0081)	01257
Lilienthalstraße	Otto Lilienthal	männlich	Point(13.82368 51.00852)	01257
Zamenhofstraße	Ludwik Lejzer Zamenhof	männlich	Point(13.81947 51.01104)	01257
Wilhelm-Liebknecht-Straße	Wilhelm Liebknecht	männlich	Point(13.81124 51.01187)	01257
Singerstraße	Paul Singer	männlich	Point(13.81299 51.01273)	01257
Josef-Moll-Straße	Maximilien Joseph Moll	männlich	Point(13.81402 51.01277)	01257
Kadenstraße	August Kaden	männlich	Point(13.81246 51.01607)	01237
Vollmarstraße	Georg von Vollmar	männlich	Point(13.81101 51.01597)	01237
Lassallestraße	Ferdinand Lassalle	männlich	Point(13.81107 51.0196)	01237
Oskar-Röder-Straße	Oskar Röder	männlich	Point(13.79465 51.02169)	01237
Wilhelm-Rudolph-Straße	Wilhelm Rudolph	männlich	Point(13.7799 51.02016)	01219
Hans-Jüchser-Straße	Hans Jüchser	männlich	Point(13.78204 51.02017)	01219
Walter-Arnold-Straße	Walter Arnold	männlich	Point(13.78073 51.01733)	01219
Wilhelm-Lachnit-Straße	Wilhelm Lachnit	männlich	Point(13.77892 51.01622)	01219
Gudehusstraße	Heinrich Gudehus	männlich	Point(13.78349 51.0163)	01237
Seebachstraße	Nikolaus Graf von Seebach	männlich	Point(13.78042 51.01512)	01237
Wieckestraße	Paul Wiecke	männlich	Point(13.7818 51.01565)	01237
Scheidemantelstraße	Karl Scheidemantel	männlich	Point(13.78464 51.01645)	01237
Schuchstraße	Ernst von Schuch	männlich	Point(13.78551 51.01594)	01237
Perronstraße	Karl Perron	männlich	Point(13.78497 51.0133)	01237
Schroeterstraße	Johann Hieronymus Schroeter	männlich	Point(13.78403 51.01344)	01237
Robert-Matzke-Straße	Robert Matzke	männlich	Point(13.717922 51.0795518)	01127
Carusufer	Carl Gustav Carus	männlich	Point(13.755725 51.06011944)	01099
Fritz-Löffler-Straße	Fritz Löffler	männlich	Point(13.732134 51.036533)	01069
St. Petersburger Straße	Friedrich Christian	männlich	Point(13.744234 51.04813)	01069
F.-C.-Weiskopf-Platz	Franz Carl Weiskopf	männlich	Point(13.70676 51.02962)	01187
Valeria-Kratina-Weg	Valeria Kratina	weiblich	Point(13.754468 51.114855)	01109
Van-Gogh-Straße	Vincent van Gogh	männlich	Point(13.8618 51.01641)	01326
Victor-Klemperer-Straße	Victor Klemperer	männlich	Point(13.733081 51.021001)	01217
Friedrich-Ebert-Straße	Friedrich Ebert	männlich	Point(13.852662 51.130269)	01465
Vogelsteinstraße	Carl Christian Vogel von Vogelstein	männlich	Point(13.76962 51.026161)	01219
Wernerplatz	Abraham Gottlob Werner	männlich	Point(13.705141 51.046252)	01159
Waldmüllerstraße	Charles Edouard Duboc	männlich	Point(13.84151 51.0402)	01326
August-Bebel-Straße	August Bebel	männlich	Point(13.818655 51.128101)	01465
Wasastraße	Gustav von Schweden	männlich	Point(13.75809 51.03019)	01219
Weberweg	Carl Maria von Weber	männlich	Point(13.862591 51.015248)	01328
Werner-Hartmann-Straße	Werner Hartmann	männlich	Point(13.76389 51.08585)	01099
Wilhelm-Külz-Straße	Wilhelm Külz	männlich	Point(13.746384 51.116543)	01109
Wilhelm-Wolf-Straße	Wilhelm Wolff	männlich	Point(13.876809 51.008772)	01326
Wilhelmine-Reichard-Ring	Wilhelmine Reichard	weiblich	Point(13.765323 51.123898)	01109
William-Shakespeare-Straße	William Shakespeare	männlich	Point(13.7664 51.11012)	01109
Wundtstraße	Wilhelm Wundt	männlich	Point(13.74823 51.02952)	01217
Zeiss-Abbe-Straße	Ernst Abbe	männlich	Point(13.79181 51.15054)	01108
Zeiss-Abbe-Straße	Carl Zeiß	männlich	Point(13.79181 51.15054)	01108
Zinggstraße	Adrian Zingg	männlich	Point(13.69773 51.07034)	01139
Fritz-Löffler-Platz	Fritz Löffler	männlich	Point(13.73048 51.03278)	01069
Weberplatz	Carl Maria von Weber	männlich	Point(13.74898 51.03068)	01217
Richard-Strauss-Platz	Richard Strauss	männlich	Point(13.74938 51.03572)	01219
Käthe-Kollwitz-Platz	Käthe Kollwitz	weiblich	Point(13.78936 51.11905)	01109
Albertplatz	Albert von Sachsen	männlich	Point(13.61158 51.08212)	01156
Bismarckplatz	Otto von Bismarck	männlich	Point(13.63235 51.08655)	01156
Goetzplatz	Ferdinand Goetz	männlich	Point(13.850815 51.00641)	01259
Güntzplatz	Elija	männlich	Point(13.758432 51.054029)	01307
Güntzplatz	Justus Friedrich Güntz	männlich	Point(13.758432 51.054029)	01307
Albert-Wolf-Platz	Albert Wolf	männlich	Point(13.802165 51.008246)	01239
Amalie-Dietrich-Platz	Amalie Dietrich	weiblich	Point(13.678106 51.045352)	01169
Ebertplatz	Friedrich Ebert	männlich	Point(13.705247 51.041777)	01159
Ebertplatz	Francesco Crispi	männlich	Point(13.705247 51.041777)	01159
Kerstingstraße	Georg Friedrich Kersting	männlich	Point(13.75752 51.02347)	01217
Heinrich-Zille-Straße	Heinrich Zille	männlich	Point(13.75851 51.02634)	01219
Lannerstraße	Joseph Lanner	männlich	Point(13.76075 51.02727)	01219
Julius-Otto-Straße	Ernst Julius Otto	männlich	Point(13.75915 51.03083)	01219
Gustav-Adolf-Straße	Gustav II. Adolf	männlich	Point(13.75776 51.02978)	01219
Robert-Koch-Straße	Robert Koch	männlich	Point(13.76051 51.02447)	01219
Lenbachstraße	Franz von Lenbach	männlich	Point(13.76074 51.02492)	01219
Gotthardt-Kuehl-Straße	Gotthardt Kuehl	männlich	Point(13.76385 51.02242)	01219
Max-Klinger-Straße	Max Klinger	männlich	Point(13.76093 51.02083)	01217
Leiblstraße	Wilhelm Leibl	männlich	Point(13.76062 51.02212)	01217
Trübnerstraße	Wilhelm Trübner	männlich	Point(13.76049 51.02152)	01217
Hans-Thoma-Straße	Hans Thoma	männlich	Point(13.76125 51.02189)	01219
Hans-Thoma-Straße	Hans Thoma	männlich	Point(13.76125 51.02189)	01217
Julius-Scholtz-Straße	Julius Scholtz	männlich	Point(13.75575 51.01954)	01217
Feuerbachstraße	Anselm Feuerbach	männlich	Point(13.76437 51.01913)	01219
Robert-Sterl-Straße	Robert Sterl	männlich	Point(13.76366 51.01827)	01219
Wittenstraße	Hans Witten von Köln	männlich	Point(13.76275 51.01778)	01219
Uhdestraße	Fritz von Uhde	männlich	Point(13.76614 51.01841)	01219
Rembrandtstraße	Rembrandt	männlich	Point(13.76683 51.01907)	01219
Spitzwegstraße	Carl Spitzweg	männlich	Point(13.76678 51.01572)	01219
Hochmannweg	Franz Hochmann	männlich	Point(13.76918 51.01527)	01219
Hans-Otto-Weg	Hans Otto	männlich	Point(13.77858 51.0117)	01219
Otto-Reinhold-Weg	Otto Reinhold	männlich	Point(13.77471 51.01243)	01219
Johannes-Paul-Thilman-Straße	Johannes Paul Thilman	männlich	Point(13.77568 51.01288)	01219
Hagedornplatz	Christian Ludwig von Hagedorn	männlich	Point(13.77728 51.02289)	01219
Rudolf-Bergander-Ring	Rudolf Bergander	männlich	Point(13.78087 51.02155)	01219
Lehmannstraße	Johann Georg Lehmann	männlich	Point(13.78687 51.01737)	01237
Hildebrandstraße	Adolf von Hildebrand	männlich	Point(13.75501 51.02905)	01219
Preußstraße	Hugo Preuß	männlich	Point(13.8301 51.0601)	01324
Siegmund-Loewe-Straße	Siegmund Loewe	männlich	Point(13.9007 51.06457)	01328
Klarastraße	Clara Schumann	weiblich	Point(13.78196 51.0683)	01099
Judeichstraße	Helene Judeich	weiblich	Point(13.78469 51.06792)	01099
Schönbergstraße	Gotthelf Friedrich von Schönberg (1631–1708)	männlich	Point(13.78549 51.00158)	01239
Louise-Seidler-Straße	Louise Seidler	weiblich	Point(13.75162 51.0208)	01217
Wilhelm-Busch-Straße	Wilhelm Busch	männlich	Point(13.75753 51.01645)	01217
Martin-Andersen-Nexö-Straße	Martin Andersen Nexø	männlich	Point(13.73199 51.019836)	01217
Ludwig-Renn-Allee	Ludwig Renn	männlich	Point(13.73517 51.0203)	01217
Michelangelostraße	Michelangelo	männlich	Point(13.74286 51.02214)	01217
Hempelstraße	Walther Hempel	männlich	Point(13.73405 51.02718)	01069
Haeckelstraße	Ernst Haeckel	männlich	Point(13.73351 51.0277)	01069
Wunderlichstraße	Arthur Bruno Wunderlich	männlich	Point(13.80528 51.06446)	01326
Schevenstraße	Katharina Scheven	weiblich	Point(13.80772 51.06109)	01326
Stürenburgstraße	Heinrich Stürenburg	männlich	Point(13.80461 51.06306)	01326
Heymelstraße	Adolph Heymel	männlich	Point(13.80654 51.06236)	01326
Tolstoistraße	Lew Nikolajewitsch Tolstoi	männlich	Point(13.80728 51.06273)	01326
Marie-Simon-Straße	Marie Simon	weiblich	Point(13.80839 51.0632)	01326
Klengelstraße	Wolf Caspar von Klengel	männlich	Point(13.80912 51.0622)	01326
Leonhardistraße	Eduard Leonhardi	männlich	Point(13.81563 51.05802)	01326
Lotte-Meyer-Straße	Lotte Meyer	weiblich	Point(13.65649 51.05193)	01157
Kurt-Frölich-Straße	Kurt Frölich	männlich	Point(13.75969 51.02562)	01219
Otto-Mohr-Straße	Christian Otto Mohr	männlich	Point(13.7945 51.01444)	01237
Hülßestraße	Julius Ambrosius Hülße	männlich	Point(13.79223 51.01226)	01237
Keplerstraße	Johannes Kepler	männlich	Point(13.78427 51.01472)	01237
Lohrmannstraße	Wilhelm Gotthelf Lohrmann	männlich	Point(13.7894 51.01818)	01237
Otto-Dix-Ring	Otto Dix	männlich	Point(13.77349 51.01835)	01219
Heinz-Lohmar-Weg	Heinz Lohmar	männlich	Point(13.77499 51.01919)	01219
Rayskistraße	Ferdinand von Rayski	männlich	Point(13.76724 51.0256)	01219
Reisstraße	Philipp Reis	männlich	Point(13.823 51.00518)	01257
Pfarrer-Schneider-Straße	Paul Schneider	männlich	Point(13.82092 50.99935)	01257
Heinrich-Mann-Straße	Heinrich Mann	männlich	Point(13.80247 50.99745)	01257
Stollestraße	Ferdinand Stolle	männlich	Point(13.6915 51.04434)	01159
Hübnerstraße	Julius Hübner	männlich	Point(13.72582 51.03433)	01069
Hübnerstraße	Julius Hübner	männlich	Point(13.72582 51.03433)	01187
Hettnerstraße	Hermann Hettner	männlich	Point(13.72723 51.03074)	01069
Williamstraße	William Fichtner	männlich	Point(13.6864 51.04211)	01159
Wendel-Hipler-Straße	Wendel Hipler	männlich	Point(13.67996 51.04016)	01159
Oskar-Mai-Straße	Georg von Frundsberg	männlich	Point(13.68093 51.03801)	01159
Oskar-Mai-Straße	Oskar Mai	männlich	Point(13.68093 51.03801)	01159
Max-Schwarze-Straße	Max Schwarze	männlich	Point(13.79869 50.991)	01257
Hermann-Conradi-Straße	Hermann Conradi	männlich	Point(13.80626 50.98986)	01257
Kurt-Böhme-Straße	Kurt Böhme	männlich	Point(13.79756 50.98762)	01257
Zeppelinstraße	Ferdinand von Zeppelin	männlich	Point(13.81699 51.06059)	01324
Oskar-Zwintscher-Straße	Oskar Zwintscher	männlich	Point(13.81706 51.05953)	01324
Heinz-Bongartz-Straße	Heinz Bongartz	männlich	Point(13.79167 50.991)	01239
Herbert-Collum-Straße	Herbert Collum	männlich	Point(13.79396 50.98972)	01239
Rudolf-Dittrich-Straße	Rudolf Dittrich	männlich	Point(13.79368 50.98911)	01239
Liesel-von-Schuch-Straße	Elisabeth von Schuch	weiblich	Point(13.79509 50.99106)	01239
Osterhausenstraße	Johann Georg von Osterhausen	männlich	Point(13.79457 50.99214)	01239
Joseph-Keilberth-Straße	Joseph Keilberth	männlich	Point(13.78906 50.99213)	01239
Nestroystraße	Johann Nestroy	männlich	Point(13.80353 50.99994)	01257
Ulrichstraße	Pauline Ulrich	weiblich	Point(13.82593 51.05691)	01326
Wuttkestraße	Robert Wuttke	männlich	Point(13.82436 51.05707)	01326
Hermann-Hesse-Straße	Hermann Hesse	männlich	Point(13.82022 51.06495)	01324
Silberweg	Helene Silber	weiblich	Point(13.82428 51.06349)	01324
Karl-Schmidt-Weg	Karl Schmidt	männlich	Point(13.824 51.0563)	01326
Tiedgestraße	Christoph August Tiedge	männlich	Point(13.82664 51.05438)	01326
Sierksstraße	Hans Ludwig Sierks	männlich	Point(13.8231 51.05376)	01326
Heinz-Steyer-Straße	Heinrich von Abendroth	männlich	Point(13.67796 51.05115)	01157
Heinz-Steyer-Straße	Heinz Steyer	männlich	Point(13.67796 51.05115)	01157
Gottfried-Keller-Straße	Gottfried Keller	männlich	Point(13.67921 51.05583)	01157
Uthmannstraße	Gustav Adolf Uthmann	männlich	Point(13.668 51.0389)	01169
Leßkestraße	Friedrich August Leßke	männlich	Point(13.66884 51.03809)	01169
Schreberstraße	Moritz Schreber	männlich	Point(13.66049 51.04351)	01169
Reuningstraße	Theodor Reuning	männlich	Point(13.65508 51.04949)	01169
Lise-Meitner-Straße	Lise Meitner	weiblich	Point(13.66264 51.05122)	01169
Harry-Dember-Straße	Harry Dember	männlich	Point(13.66239 51.05029)	01169
Goethestraße	Johann Wolfgang von Goethe	männlich	Point(13.848995 51.128296)	01465
Gottfried-Keller-Platz	Gottfried Keller	männlich	Point(13.676557 51.062449)	01157
Grillparzerplatz	Franz Grillparzer	männlich	Point(13.682885 51.055307)	01157
Hohenthalplatz	Peter Carl Wilhelm von Hohenthal	männlich	Point(13.71386 51.058741)	01067
Josef-Hegenbarth-Weg	Josef Hegenbarth	männlich	Point(13.825231 51.046939)	01326
Marta-Fraenkel-Straße	Marta Fraenkel	weiblich	Point(13.742048 51.069595)	01097
Merianplatz	Maria Sibylla Merian	weiblich	Point(13.670396 51.045212)	01169
Moreauweg	Jean-Victor Moreau	männlich	Point(13.735581 51.023206)	01217
Olbrichtplatz	Friedrich Olbricht	männlich	Point(13.758463 51.076533)	01099
Riegelplatz	Herman Riegel	männlich	Point(13.686128 51.083687)	01139
Rietschelweg	Ernst Rietschel	männlich	Point(13.816384 51.056116)	01326
Schillerplatz	Friedrich Schiller	männlich	Point(13.846684 51.127355)	01465
Eichendorffsteig	Joseph von Eichendorff	männlich	Point(13.838748 51.043327)	01326
Gustav-Adolf-Platz	Gustav II. Adolf	männlich	Point(13.760388 51.030151)	01219
Viktor-Böhmert-Weg	Viktor Böhmert	männlich	Point(13.830293 51.041035)	01326
Grillparzerstraße	Franz Grillparzer	männlich	Point(13.68267 51.05472)	01157
Lönsweg	Hermann Löns	männlich	Point(13.68556 51.05917)	01157
Semmelweisstraße	Ignaz Semmelweis	männlich	Point(13.70748 51.05042)	01159
Potthoffstraße	Gerhart Potthoff	männlich	Point(13.70437 51.05362)	01159
Klaus-Groth-Straße	Klaus Groth	männlich	Point(13.67625 51.05701)	01157
Roquettestraße	Otto Roquette	männlich	Point(13.67772 51.06166)	01157
Wilhelm-Raabe-Straße	Wilhelm Raabe	männlich	Point(13.67265 51.06265)	01157
Heroldstraße	Johann Salomon Herold	männlich	Point(13.67107 51.0612)	01157
Herweghstraße	Georg Herwegh	männlich	Point(13.66987 51.06103)	01157
Wilhelm-Müller-Straße	Wilhelm Müller	männlich	Point(13.66916 51.06069)	01157
Max-Sachs-Straße	Max Sachs	männlich	Point(13.66751 51.06575)	01157
Martin-Opitz-Straße	Martin Opitz	männlich	Point(13.66036 51.06038)	01157
Ludwig-Kossuth-Straße	Lajos Kossuth	männlich	Point(13.73808 51.11771)	01109
Hauboldstraße	Georg Gottlieb Haubold	männlich	Point(13.78549 51.00434)	01239
Köhlerstraße	Johann Gottfried Köhler	männlich	Point(13.78838 51.0043)	01239
Kurt-Tucholsky-Straße	Kurt Tucholsky	männlich	Point(13.80506 50.99744)	01257
Krügerstraße	Carl Reinhard Krüger	männlich	Point(13.83008 51.05151)	01326
Kotzschweg	August Kotzsch	männlich	Point(13.82777 51.04923)	01326
Roseggerstraße	Peter Rosegger	männlich	Point(13.83239 51.05305)	01326
Ludwig-Richter-Straße	Ludwig Richter	männlich	Point(13.82692 51.05124)	01326
Robert-Diez-Straße	Robert Diez	männlich	Point(13.82414 51.05161)	01326
Josef-Herrmann-Straße	Josef Herrmann	männlich	Point(13.82836 51.04215)	01326
Therese-Malten-Straße	Therese Malten	weiblich	Point(13.85813 51.00637)	01259
Wilhelm-Weitling-Straße	Wilhelm Weitling	männlich	Point(13.86567 51.00181)	01259
Käthe-Kollwitz-Straße	Käthe Kollwitz	weiblich	Point(13.86066 51.00453)	01259
Wilhelm-Bölsche-Straße	Wilhelm Bölsche	männlich	Point(13.85822 51.0021)	01259
Heinrich-Bauer-Straße	Heinrich Bauer	männlich	Point(13.8554 51.00213)	01259
Johannes-Brahms-Straße	Johannes Brahms	männlich	Point(13.85689 51.00075)	01259
Lönsstraße	Hermann Löns	männlich	Point(13.85278 50.99988)	01259
Rubinsteinstraße	Anton Grigorjewitsch Rubinstein	männlich	Point(13.83508 51.00397)	01259
Marie-Hankel-Straße	Marie Hankel	weiblich	Point(13.83326 51.01908)	01279
Besselplatz	Friedrich Wilhelm Bessel	männlich	Point(13.7864 51.01332)	01237
Marie-Wittich-Straße	Marie Wittich	weiblich	Point(13.77883 51.01307)	01237
Hermann-Schmitt-Platz	Hermann Schmitt	männlich	Point(13.82499 50.99278)	01259
Albert-Venus-Weg	Franz Albert Venus	männlich	Point(13.82804 51.04984)	01326
Prof.-Billroth-Straße	Theodor Billroth	männlich	Point(13.82789 50.99722)	01259
Bonhoefferplatz	Dietrich Bonhoeffer	männlich	Point(13.70169 51.03871)	01159
Bünauplatz	Heinrich von Bünau	männlich	Point(13.69949 51.04077)	01159
Conertplatz	Herbert Conert	männlich	Point(13.69251 51.04585)	01159
Edmund-Leistner-Weg	Edmund Leistner	männlich	Point(13.837789 51.025753)	01279
Putjatinplatz	Nikolai Abramowitsch Putjatin	männlich	Point(13.848643 51.004242)	01259
August-Bebel-Straße (Cossebaude)	August Bebel	männlich	Point(13.63305 51.08641)	01156
Gustav-Schwab-Straße	Gustav Schwab	männlich	Point(13.68344 51.08483)	01139
Hartmut-Dost-Straße	Friedrich Hartmut Dost	männlich	Point(13.75272 51.08021)	01099
Hartwigweg	Leberecht Hartwig	männlich	Point(13.638571 51.040885)	01156
Hauerstraße	Carl Hauer	männlich	Point(13.780452 51.120093)	01109
Hauffstraße	Wilhelm Hauff	männlich	Point(13.735896 51.033065)	01069
Hebbelplatz	Friedrich Hebbel	männlich	Point(13.682923 51.051796)	01157
Heinrich-Cotta-Straße	Heinrich Cotta	männlich	Point(13.834985 51.063931)	01324
Heinrich-Heine-Straße	Heinrich Heine	männlich	Point(13.8203 51.12643)	01465
Heinrich-Klemm-Weg	Heinrich Klemm	männlich	Point(13.64459 51.03315)	01156
Heinrich-Mann-Straße	Heinrich Mann	männlich	Point(13.63392 51.08693)	01156
Heinrich-Tessenow-Weg	Heinrich Tessenow	männlich	Point(13.756754 51.113032)	01109
Helena-Rott-Straße	Helena Rott	weiblich	Point(13.79491 50.991591)	01239
Hermann-Glöckner-Straße	Hermann Glöckner	männlich	Point(13.819434 51.049027)	01326
Hermann-Krone-Straße	Hermann Krone	männlich	Point(13.835476 51.028135)	01279
Hermann-Löns-Straße	Hermann Löns	männlich	Point(13.86954 51.06546)	01328
Hermann-Mende-Straße	Otto Hermann Mende	männlich	Point(13.76552 51.08674)	01099
Hermann-Reichelt-Straße	Hermann Reichelt	männlich	Point(13.7633 51.1206)	01109
Hermann-Vogel-Straße	Hermann Vogel	männlich	Point(13.825393 51.051853)	01326
Hottenrothstraße	Woldemar Hottenroth	männlich	Point(13.8409 51.03971)	01326
Hugo-Bürkner-Straße	Hugo Bürkner	männlich	Point(13.765742 51.022237)	01219
Hugo-Hickmann-Straße	Hugo Hickmann	männlich	Point(13.83111 51.12353)	01465
Hugo-Junkers-Ring	Hugo Junkers	männlich	Point(13.79182 51.13101)	01109
Inger-Karén-Straße	Inger Karén	weiblich	Point(13.78897 50.99116)	01239
Jakob-Weinheimer-Straße	Jakob Weinheimer	männlich	Point(13.83574 51.12318)	01465
Julie-Salinger-Weg	Julie Salinger	weiblich	Point(13.75408 51.06374)	01099
Julius-Vahlteich-Straße	Julius Vahlteich	männlich	Point(13.67997 51.04584)	01159
Kantstraße	Immanuel Kant	männlich	Point(13.70502 51.02743)	01187
Karl-Gjellerup-Straße	Karl Gjellerup	männlich	Point(13.76757 51.11636)	01109
Karl-Liebknecht-Straße	Karl Liebknecht	männlich	Point(13.756662 51.112185)	01109
Karl-Marx-Straße	Karl Marx	männlich	Point(13.77027 51.11615)	01109
Karl-Stein-Straße	Karl Stein	männlich	Point(13.68416 51.01385)	01189
Kolpingstraße	Adolf Kolping	männlich	Point(13.63633 51.09053)	01156
Konrad-Zuse-Straße	Konrad Zuse	männlich	Point(13.78415 51.12628)	01109
Korolenkostraße	Wladimir Galaktionowitsch Korolenko	männlich	Point(13.77851 51.11369)	01109
Krausestraße	Karl Christian Friedrich Krause	männlich	Point(13.70497 51.028177)	01187
Kunzstraße	Karl Theodor Kunz	männlich	Point(13.733018 51.075182)	01127
Kurt-Beyer-Straße	Kurt Beyer	männlich	Point(13.795305 51.015143)	01237
Kügelgenstraße	Gerhard von Kügelgen	männlich	Point(13.823564 51.047808)	01326
Kügelgenweg	Wilhelm von Kügelgen	männlich	Point(13.806491 51.155647)	01108
Käthe-Kollwitz-Straße (Cossebaude)	Käthe Kollwitz	weiblich	Point(13.6321 51.086)	01156
Königsufer	Albert von Sachsen	männlich	Point(13.74451 51.05632)	01097
Leonardo-da-Vinci-Straße	Leonardo da Vinci	männlich	Point(13.86544 51.01326)	01326
Leonhard-Frank-Straße	Leonhard Frank	männlich	Point(13.73816 51.03041)	01069
Breitscheidstraße (Cossebaude)	Rudolf Breitscheid	männlich	Point(13.63521 51.08283)	01156
Lessingstraße (Langebrück)	Gotthold Ephraim Lessing	männlich	Point(13.8393 51.12812)	01465
Liebknechtstraße	Karl Liebknecht	männlich	Point(13.60774 51.08128)	01156
Erna-Berger-Straße (Cossebaude)	Erna Berger	weiblich	Point(13.62462 51.08865)	01156
Lindenaustraße	Bernhard von Lindenau	männlich	Point(13.72945 51.03782)	01069
Lochnerstraße	Stefan Lochner	männlich	Point(13.808683 50.989417)	01257
Lotzestraße	Hermann Lotze	männlich	Point(13.7148 51.02522)	01187
Ludwig-Ermold-Straße	Ludwig Ermold	männlich	Point(13.74402 51.02949)	01217
Ludwig-Jahn-Straße	Friedrich Ludwig Jahn	männlich	Point(13.77197 51.11132)	01109
Manfred-Streubel-Weg	Manfred Streubel	männlich	Point(13.64955 51.089184)	01156
Manfred-von-Ardenne-Ring	Manfred von Ardenne	männlich	Point(13.76929 51.09651)	01099
Maria-Reiche-Straße	Maria Reiche	weiblich	Point(13.784624 51.125406)	01109
Martin-Luther-Ring	Martin Luther	männlich	Point(13.649509 51.079255)	01156
Mary-Krebs-Straße	Mary Krebs-Brenning	weiblich	Point(13.762764 51.028056)	01219
Mathias-Oeder-Straße	Matthias Oeder	männlich	Point(13.78867 51.0719)	01099
Max-Liebermann-Straße	Max Liebermann	männlich	Point(13.74227 51.0297)	01217
Max-Kosler-Straße	Max Kosler	männlich	Point(13.88139 51.06265)	01328
Maxie-Wander-Straße	Maxie Wander	weiblich	Point(13.807531 50.996268)	01257
Lili-Elbe-Straße	Lili Elbe	trans Frau	Point(13.767082 51.054398)	01307
